"utcconversiontimezonecode","matt_codpezzo","matt_codstampo","matt_forgiaperflussoid","matt_nuovacolonna","statuscode","versionnumber","timezoneruleversionnumber","importsequencenumber","matt_peso","matt_esito","statecode","matt_temperatura","matt_tipoacciaio","owningbusinessunit"
"","","","547b4749-21b1-ef11-b8e9-000d3adb41dc","pezzo-108","1","3627330","","","200","","0","1026","1","63e32b93-6625-ef11-840b-000d3adf79a8"
"","8","","d1b6237a-3bb2-ef11-b8e9-000d3adb41dc","pezzo-325","1","3587623","","","14","4","0","1054","1","63e32b93-6625-ef11-840b-000d3adf79a8"
"","5","","861b3b14-3ab2-ef11-b8e9-000d3adb41dc","pezzo-324","1","3587611","","","14","4","0","1117","3","63e32b93-6625-ef11-840b-000d3adf79a8"
"","3","","9d6882aa-38b2-ef11-b8e9-000d3adb41dc","pezzo-323","1","3587600","","","22","4","0","991","3","63e32b93-6625-ef11-840b-000d3adf79a8"
"","2","","703d7949-37b2-ef11-b8e9-000d3adb41dc","pezzo-322","1","3587260","","","45","4","0","1154","1","63e32b93-6625-ef11-840b-000d3adf79a8"
"","7","","5938aee3-35b2-ef11-b8e9-000d3adb41dc","pezzo-321","1","3587249","","","18","4","0","903","1","63e32b93-6625-ef11-840b-000d3adf79a8"
"","5","","aab49b7d-34b2-ef11-b8e9-000d3adb41dc","pezzo-320","1","3587239","","","40","4","0","806","1","63e32b93-6625-ef11-840b-000d3adf79a8"
"","8","","45297d18-33b2-ef11-b8e9-000d3adb41dc","pezzo-319","1","3587225","","","42","4","0","949","2","63e32b93-6625-ef11-840b-000d3adf79a8"
"","9","","f7baa9b2-31b2-ef11-b8e9-000d3adb41dc","pezzo-318","1","3587215","","","7","4","0","908","1","63e32b93-6625-ef11-840b-000d3adf79a8"
"","9","","03056047-30b2-ef11-b8e9-000d3adb41dc","pezzo-317","1","3587204","","","30","4","0","1184","2","63e32b93-6625-ef11-840b-000d3adf79a8"
"","6","","bf1b25e7-2eb2-ef11-b8e9-000d3adb41dc","pezzo-316","1","3587193","","","5","4","0","1102","2","63e32b93-6625-ef11-840b-000d3adf79a8"
"","7","","7d5f0c82-2db2-ef11-b8e9-000d3adb41dc","pezzo-315","1","3587182","","","44","4","0","1095","1","63e32b93-6625-ef11-840b-000d3adf79a8"
"","5","","67df451c-2cb2-ef11-b8e9-000d3adb41dc","pezzo-314","1","3587170","","","27","4","0","1179","2","63e32b93-6625-ef11-840b-000d3adf79a8"
"","2","","5a8367b6-2ab2-ef11-b8e9-000d3adb41dc","pezzo-313","1","3587153","","","49","4","0","1068","1","63e32b93-6625-ef11-840b-000d3adf79a8"
"","1","","52f53051-29b2-ef11-b8e9-000d3adb41dc","pezzo-312","1","3587143","","","9","4","0","904","2","63e32b93-6625-ef11-840b-000d3adf79a8"
"","7","","dee1d4ea-27b2-ef11-b8e9-000d3adb41dc","pezzo-311","1","3587133","","","20","4","0","822","1","63e32b93-6625-ef11-840b-000d3adf79a8"
"","5","","be4fbb85-26b2-ef11-b8e9-000d3adb41dc","pezzo-310","1","3587123","","","20","4","0","976","2","63e32b93-6625-ef11-840b-000d3adf79a8"
"","7","","e6ddae1c-25b2-ef11-b8e9-000d3adb41dc","pezzo-309","1","3587112","","","41","4","0","923","2","63e32b93-6625-ef11-840b-000d3adf79a8"
"","8","","3cc49dba-23b2-ef11-b8e9-000d3adb41dc","pezzo-308","1","3587102","","","42","4","0","973","2","63e32b93-6625-ef11-840b-000d3adf79a8"
"","9","","2762bf54-22b2-ef11-b8e9-000d3adb41dc","pezzo-307","1","3587089","","","41","4","0","873","1","63e32b93-6625-ef11-840b-000d3adf79a8"
"","2","","63483bed-20b2-ef11-b8e9-000d3adb41dc","pezzo-306","1","3587075","","","46","4","0","831","2","63e32b93-6625-ef11-840b-000d3adf79a8"
"","8","","eacd6289-1fb2-ef11-b8e9-000d3adb41dc","pezzo-305","1","3587063","","","18","4","0","821","2","63e32b93-6625-ef11-840b-000d3adf79a8"
"","2","","b0c4871e-1eb2-ef11-b8e9-000d3adb41dc","pezzo-304","1","3587053","","","38","4","0","821","2","63e32b93-6625-ef11-840b-000d3adf79a8"
"","8","","5fb2eabd-1cb2-ef11-b8e9-000d3adb41dc","pezzo-303","1","3587040","","","17","4","0","1102","1","63e32b93-6625-ef11-840b-000d3adf79a8"
"","3","","080dd358-1bb2-ef11-b8e9-000d3adb41dc","pezzo-302","1","3587030","","","43","4","0","935","3","63e32b93-6625-ef11-840b-000d3adf79a8"
"","8","","ed3611f3-19b2-ef11-b8e9-000d3adb41dc","pezzo-301","1","3587017","","","46","4","0","858","1","63e32b93-6625-ef11-840b-000d3adf79a8"
"","4","","2c57518d-18b2-ef11-b8e9-000d3adb41dc","pezzo-300","1","3587007","","","21","4","0","1041","1","63e32b93-6625-ef11-840b-000d3adf79a8"
"","3","","3685af24-17b2-ef11-b8e9-000d3adb41dc","pezzo-299","1","3586997","","","21","4","0","1116","3","63e32b93-6625-ef11-840b-000d3adf79a8"
"","7","","1e09d3c1-15b2-ef11-b8e9-000d3adb41dc","pezzo-298","1","3586982","","","40","4","0","1073","3","63e32b93-6625-ef11-840b-000d3adf79a8"
"","3","","6945c65c-14b2-ef11-b8e9-000d3adb41dc","pezzo-297","1","3586972","","","43","4","0","1165","2","63e32b93-6625-ef11-840b-000d3adf79a8"
"","2","","5ca000f7-12b2-ef11-b8e9-000d3adb41dc","pezzo-296","1","3586958","","","17","4","0","1037","2","63e32b93-6625-ef11-840b-000d3adf79a8"
"","2","","2fb7a291-11b2-ef11-b8e9-000d3adb41dc","pezzo-295","1","3586944","","","7","4","0","1160","1","63e32b93-6625-ef11-840b-000d3adf79a8"
"","3","","45635529-10b2-ef11-b8e9-000d3adb41dc","pezzo-294","1","3586926","","","13","4","0","822","2","63e32b93-6625-ef11-840b-000d3adf79a8"
"","8","","3fdcb1c5-0eb2-ef11-b8e9-000d3adb41dc","pezzo-293","1","3586916","","","20","4","0","1120","1","63e32b93-6625-ef11-840b-000d3adf79a8"
"","9","","21679c60-0db2-ef11-b8e9-000d3adb41dc","pezzo-292","1","3586904","","","11","4","0","1053","3","63e32b93-6625-ef11-840b-000d3adf79a8"
"","3","","dd162ff8-0bb2-ef11-b8e9-000d3adb41dc","pezzo-291","1","3586894","","","49","4","0","1184","1","63e32b93-6625-ef11-840b-000d3adf79a8"
"","1","","9a91fa94-0ab2-ef11-b8e9-000d3adb41dc","pezzo-290","1","3586884","","","47","4","0","923","3","63e32b93-6625-ef11-840b-000d3adf79a8"
"","2","","e5e6c12f-09b2-ef11-b8e9-000d3adb41dc","pezzo-289","1","3586871","","","44","4","0","1029","2","63e32b93-6625-ef11-840b-000d3adf79a8"
"","7","","d9108ac9-07b2-ef11-b8e9-000d3adb41dc","pezzo-288","1","3586861","","","5","4","0","892","1","63e32b93-6625-ef11-840b-000d3adf79a8"
"","2","","bb6d4b64-06b2-ef11-b8e9-000d3adb41dc","pezzo-287","1","3586851","","","15","4","0","894","2","63e32b93-6625-ef11-840b-000d3adf79a8"
"","3","","628e8bfe-04b2-ef11-b8e9-000d3adb41dc","pezzo-286","1","3586840","","","6","4","0","1029","1","63e32b93-6625-ef11-840b-000d3adf79a8"
"","9","","fdf5e998-03b2-ef11-b8e9-000d3adb41dc","pezzo-285","1","3586830","","","35","4","0","857","2","63e32b93-6625-ef11-840b-000d3adf79a8"
"","8","","d7618e33-02b2-ef11-b8e9-000d3adb41dc","pezzo-284","1","3586819","","","14","4","0","968","2","63e32b93-6625-ef11-840b-000d3adf79a8"
"","1","","c205e8cd-00b2-ef11-b8e9-000d3adb41dc","pezzo-283","1","3586804","","","26","4","0","870","1","63e32b93-6625-ef11-840b-000d3adf79a8"
"","1","","90811068-ffb1-ef11-b8e9-000d3adb41dc","pezzo-282","1","3586794","","","13","4","0","820","1","63e32b93-6625-ef11-840b-000d3adf79a8"
"","7","","a4212902-feb1-ef11-b8e9-000d3adb41dc","pezzo-281","1","3586781","","","34","4","0","984","1","63e32b93-6625-ef11-840b-000d3adf79a8"
"","5","","1d74149d-fcb1-ef11-b8e9-000d3adb41dc","pezzo-280","1","3586770","","","20","4","0","1126","3","63e32b93-6625-ef11-840b-000d3adf79a8"
"","1","","5bfe4d37-fbb1-ef11-b8e9-000d3adb41dc","pezzo-279","1","3586760","","","35","4","0","937","3","63e32b93-6625-ef11-840b-000d3adf79a8"
"","3","","0c2593d1-f9b1-ef11-b8e9-000d3adb41dc","pezzo-278","1","3586750","","","7","4","0","1142","3","63e32b93-6625-ef11-840b-000d3adf79a8"
"","9","","8e90c96b-f8b1-ef11-b8e9-000d3adb41dc","pezzo-277","1","3586735","","","18","4","0","999","3","63e32b93-6625-ef11-840b-000d3adf79a8"
"","5","","3a3b1106-f7b1-ef11-b8e9-000d3adb41dc","pezzo-276","1","3586725","","","25","4","0","896","2","63e32b93-6625-ef11-840b-000d3adf79a8"
"","8","","2d27e3a0-f5b1-ef11-b8e9-000d3adb41dc","pezzo-275","1","3586715","","","40","4","0","1030","3","63e32b93-6625-ef11-840b-000d3adf79a8"
"","7","","3a483d3b-f4b1-ef11-b8e9-000d3adb41dc","pezzo-274","1","3586705","","","43","4","0","1083","3","63e32b93-6625-ef11-840b-000d3adf79a8"
"","2","","460225d5-f2b1-ef11-b8e9-000d3adb41dc","pezzo-273","1","3586694","","","12","4","0","1092","3","63e32b93-6625-ef11-840b-000d3adf79a8"
"","5","","b135766e-f1b1-ef11-b8e9-000d3adb41dc","pezzo-272","1","3586683","","","27","4","0","1156","3","63e32b93-6625-ef11-840b-000d3adf79a8"
"","1","","c8b1120a-f0b1-ef11-b8e9-000d3adb41dc","pezzo-271","1","3586670","","","16","4","0","973","3","63e32b93-6625-ef11-840b-000d3adf79a8"
"","2","","36ca4fa4-eeb1-ef11-b8e9-000d3adb41dc","pezzo-270","1","3586659","","","6","4","0","833","2","63e32b93-6625-ef11-840b-000d3adf79a8"
"","1","","eea9473f-edb1-ef11-b8e9-000d3adb41dc","pezzo-269","1","3586648","","","19","4","0","980","1","63e32b93-6625-ef11-840b-000d3adf79a8"
"","8","","b78d54d9-ebb1-ef11-b8e9-000d3adb41dc","pezzo-268","1","3586637","","","26","4","0","954","1","63e32b93-6625-ef11-840b-000d3adf79a8"
"","4","","16685d73-eab1-ef11-b8e9-000d3adb41dc","pezzo-267","1","3586627","","","38","4","0","1040","3","63e32b93-6625-ef11-840b-000d3adf79a8"
"","8","","a436410e-e9b1-ef11-b8e9-000d3adb41dc","pezzo-266","1","3586617","","","11","4","0","1088","3","63e32b93-6625-ef11-840b-000d3adf79a8"
"","7","","971750a8-e7b1-ef11-b8e9-000d3adb41dc","pezzo-265","1","3586604","","","14","4","0","1054","1","63e32b93-6625-ef11-840b-000d3adf79a8"
"","1","","b2ed8d42-e6b1-ef11-b8e9-000d3adb41dc","pezzo-264","1","3586594","","","35","4","0","1173","1","63e32b93-6625-ef11-840b-000d3adf79a8"
"","5","","ee6868dd-e4b1-ef11-b8e9-000d3adb41dc","pezzo-263","1","3586584","","","21","4","0","892","2","63e32b93-6625-ef11-840b-000d3adf79a8"
"","9","","1f41f777-e3b1-ef11-b8e9-000d3adb41dc","pezzo-262","1","3586574","","","48","4","0","873","1","63e32b93-6625-ef11-840b-000d3adf79a8"
"","1","","2a05a811-e2b1-ef11-b8e9-000d3adb41dc","pezzo-261","1","3586563","","","7","4","0","1103","2","63e32b93-6625-ef11-840b-000d3adf79a8"
"","6","","c990fdab-e0b1-ef11-b8e9-000d3adb41dc","pezzo-260","1","3586552","","","48","4","0","1058","1","63e32b93-6625-ef11-840b-000d3adf79a8"
"","3","","c136e446-dfb1-ef11-b8e9-000d3adb41dc","pezzo-259","1","3586539","","","5","4","0","1054","2","63e32b93-6625-ef11-840b-000d3adf79a8"
"","1","","113a0de1-ddb1-ef11-b8e9-000d3adb41dc","pezzo-258","1","3586528","","","24","4","0","821","3","63e32b93-6625-ef11-840b-000d3adf79a8"
"","9","","6389d97b-dcb1-ef11-b8e9-000d3adb41dc","pezzo-257","1","3586517","","","29","4","0","1093","3","63e32b93-6625-ef11-840b-000d3adf79a8"
"","5","","ce54d015-dbb1-ef11-b8e9-000d3adb41dc","pezzo-256","1","3586506","","","15","4","0","1074","3","63e32b93-6625-ef11-840b-000d3adf79a8"
"","8","","482151b0-d9b1-ef11-b8e9-000d3adb41dc","pezzo-255","1","3586496","","","20","4","0","875","3","63e32b93-6625-ef11-840b-000d3adf79a8"
"","3","","7fb4194d-d8b1-ef11-b8e9-000d3adb41dc","pezzo-254","1","3586486","","","23","4","0","1011","2","63e32b93-6625-ef11-840b-000d3adf79a8"
"","6","","189431e5-d6b1-ef11-b8e9-000d3adb41dc","pezzo-253","1","3586473","","","15","4","0","837","3","63e32b93-6625-ef11-840b-000d3adf79a8"
"","4","","49b76f7f-d5b1-ef11-b8e9-000d3adb41dc","pezzo-252","1","3586463","","","9","4","0","1109","1","63e32b93-6625-ef11-840b-000d3adf79a8"
"","8","","b120b219-d4b1-ef11-b8e9-000d3adb41dc","pezzo-251","1","3586453","","","32","4","0","825","1","63e32b93-6625-ef11-840b-000d3adf79a8"
"","1","","a2ab88b4-d2b1-ef11-b8e9-000d3adb41dc","pezzo-250","1","3586442","","","13","4","0","1087","3","63e32b93-6625-ef11-840b-000d3adf79a8"
"","4","","4550684e-d1b1-ef11-b8e9-000d3adb41dc","pezzo-249","1","3586432","","","7","4","0","958","2","63e32b93-6625-ef11-840b-000d3adf79a8"
"","5","","f182b2e8-cfb1-ef11-b8e9-000d3adb41dc","pezzo-248","1","3586421","","","46","4","0","839","2","63e32b93-6625-ef11-840b-000d3adf79a8"
"","4","","0566fc82-ceb1-ef11-b8e9-000d3adb41dc","pezzo-247","1","3586406","","","46","4","0","822","2","63e32b93-6625-ef11-840b-000d3adf79a8"
"","6","","6bdab01d-cdb1-ef11-b8e9-000d3adb41dc","pezzo-246","1","3586395","","","38","4","0","1125","3","63e32b93-6625-ef11-840b-000d3adf79a8"
"","8","","ea5bfab7-cbb1-ef11-b8e9-000d3adb41dc","pezzo-245","1","3586386","","","23","4","0","844","3","63e32b93-6625-ef11-840b-000d3adf79a8"
"","6","","16744952-cab1-ef11-b8e9-000d3adb41dc","pezzo-244","1","3586375","","","20","4","0","916","3","63e32b93-6625-ef11-840b-000d3adf79a8"
"","9","","93d689ec-c8b1-ef11-b8e9-000d3adb41dc","pezzo-243","1","3586365","","","41","4","0","1181","3","63e32b93-6625-ef11-840b-000d3adf79a8"
"","7","","ba473487-c7b1-ef11-b8e9-000d3adb41dc","pezzo-242","1","3586355","","","7","4","0","954","2","63e32b93-6625-ef11-840b-000d3adf79a8"
"","9","","715b6a21-c6b1-ef11-b8e9-000d3adb41dc","pezzo-241","1","3586342","","","31","4","0","881","1","63e32b93-6625-ef11-840b-000d3adf79a8"
"","4","","8fe690bb-c4b1-ef11-b8e9-000d3adb41dc","pezzo-240","1","3586330","","","40","4","0","1083","3","63e32b93-6625-ef11-840b-000d3adf79a8"
"","7","","ea544256-c3b1-ef11-b8e9-000d3adb41dc","pezzo-239","1","3586319","","","39","4","0","1178","2","63e32b93-6625-ef11-840b-000d3adf79a8"
"","1","","dff591f0-c1b1-ef11-b8e9-000d3adb41dc","pezzo-238","1","3586308","","","31","4","0","1138","2","63e32b93-6625-ef11-840b-000d3adf79a8"
"","7","","da29398b-c0b1-ef11-b8e9-000d3adb41dc","pezzo-237","1","3586295","","","45","4","0","896","1","63e32b93-6625-ef11-840b-000d3adf79a8"
"","2","","f9d74825-bfb1-ef11-b8e9-000d3adb41dc","pezzo-236","1","3586285","","","26","4","0","809","2","63e32b93-6625-ef11-840b-000d3adf79a8"
"","3","","ceaaa0bf-bdb1-ef11-b8e9-000d3adb41dc","pezzo-235","1","3586272","","","10","4","0","885","2","63e32b93-6625-ef11-840b-000d3adf79a8"
"","8","","d8acec59-bcb1-ef11-b8e9-000d3adb41dc","pezzo-234","1","3586262","","","34","4","0","1079","3","63e32b93-6625-ef11-840b-000d3adf79a8"
"","2","","72ad02f4-bab1-ef11-b8e9-000d3adb41dc","pezzo-233","1","3586252","","","39","4","0","934","2","63e32b93-6625-ef11-840b-000d3adf79a8"
"","7","","a9afee8e-b9b1-ef11-b8e9-000d3adb41dc","pezzo-232","1","3586242","","","9","4","0","1019","3","63e32b93-6625-ef11-840b-000d3adf79a8"
"","6","","844bfe28-b8b1-ef11-b8e9-000d3adb41dc","pezzo-231","1","3586232","","","27","4","0","1040","2","63e32b93-6625-ef11-840b-000d3adf79a8"
"","6","","0d6138c3-b6b1-ef11-b8e9-000d3adb41dc","pezzo-230","1","3586222","","","42","4","0","1198","3","63e32b93-6625-ef11-840b-000d3adf79a8"
"","6","","2e1b255e-b5b1-ef11-b8e9-000d3adb41dc","pezzo-229","1","3586209","","","29","4","0","849","1","63e32b93-6625-ef11-840b-000d3adf79a8"
"","6","","381f6bf6-b3b1-ef11-b8e9-000d3adb41dc","pezzo-228","1","3586198","","","46","4","0","896","2","63e32b93-6625-ef11-840b-000d3adf79a8"
"","3","","5b97cd94-b2b1-ef11-b8e9-000d3adb41dc","pezzo-227","1","3586188","","","17","4","0","917","3","63e32b93-6625-ef11-840b-000d3adf79a8"
"","4","","5ff2392d-b1b1-ef11-b8e9-000d3adb41dc","pezzo-226","1","3586172","","","15","4","0","1189","2","63e32b93-6625-ef11-840b-000d3adf79a8"
"","6","","53d751c7-afb1-ef11-b8e9-000d3adb41dc","pezzo-225","1","3586162","","","10","4","0","895","3","63e32b93-6625-ef11-840b-000d3adf79a8"
"","5","","61a20062-aeb1-ef11-b8e9-000d3adb41dc","pezzo-224","1","3586152","","","12","4","0","1134","2","63e32b93-6625-ef11-840b-000d3adf79a8"
"","1","","f6296cfc-acb1-ef11-b8e9-000d3adb41dc","pezzo-223","1","3586121","","","21","4","0","808","3","63e32b93-6625-ef11-840b-000d3adf79a8"
"","7","","e8aa8796-abb1-ef11-b8e9-000d3adb41dc","pezzo-222","1","3586084","","","39","4","0","907","1","63e32b93-6625-ef11-840b-000d3adf79a8"
"","6","","57efa330-aab1-ef11-b8e9-000d3adb41dc","pezzo-221","1","3586055","","","14","4","0","1047","3","63e32b93-6625-ef11-840b-000d3adf79a8"
"","9","","b2bb69cb-a8b1-ef11-b8e9-000d3adb41dc","pezzo-220","1","3586044","","","48","4","0","1098","3","63e32b93-6625-ef11-840b-000d3adf79a8"
"","8","","9ce38d65-a7b1-ef11-b8e9-000d3adb41dc","pezzo-219","1","3586033","","","20","4","0","929","3","63e32b93-6625-ef11-840b-000d3adf79a8"
"","3","","d4cebaff-a5b1-ef11-b8e9-000d3adb41dc","pezzo-218","1","3586022","","","47","4","0","1160","2","63e32b93-6625-ef11-840b-000d3adf79a8"
"","6","","54a24b99-a4b1-ef11-b8e9-000d3adb41dc","pezzo-217","1","3586008","","","19","4","0","968","3","63e32b93-6625-ef11-840b-000d3adf79a8"
"","6","","a7b2e134-a3b1-ef11-b8e9-000d3adb41dc","pezzo-216","1","3585997","","","19","4","0","1065","1","63e32b93-6625-ef11-840b-000d3adf79a8"
"","5","","c2f332cf-a1b1-ef11-b8e9-000d3adb41dc","pezzo-215","1","3585987","","","5","4","0","1049","3","63e32b93-6625-ef11-840b-000d3adf79a8"
"","5","","cb0f5769-a0b1-ef11-b8e9-000d3adb41dc","pezzo-214","1","3585975","","","27","4","0","851","3","63e32b93-6625-ef11-840b-000d3adf79a8"
"","8","","bd4cbeff-9eb1-ef11-b8e9-000d3adb41dc","pezzo-213","1","3585964","","","20","4","0","815","3","63e32b93-6625-ef11-840b-000d3adf79a8"
"","9","","cc24ea9d-9db1-ef11-b8e9-000d3adb41dc","pezzo-212","1","3585954","","","19","4","0","1197","3","63e32b93-6625-ef11-840b-000d3adf79a8"
"","1","","d99bbf38-9cb1-ef11-b8e9-000d3adb41dc","pezzo-211","1","3585940","","","30","4","0","954","1","63e32b93-6625-ef11-840b-000d3adf79a8"
"","4","","643af4d2-9ab1-ef11-b8e9-000d3adb41dc","pezzo-210","1","3585929","","","13","4","0","898","3","63e32b93-6625-ef11-840b-000d3adf79a8"
"","4","","c794476d-99b1-ef11-b8e9-000d3adb41dc","pezzo-209","1","3585918","","","5","4","0","927","3","63e32b93-6625-ef11-840b-000d3adf79a8"
"","9","","49ed7408-98b1-ef11-b8e9-000d3adb41dc","pezzo-208","1","3585908","","","24","4","0","897","3","63e32b93-6625-ef11-840b-000d3adf79a8"
"","8","","a6a589a0-96b1-ef11-b8e9-000d3adb41dc","pezzo-207","1","3577302","","","34","4","0","1117","1","63e32b93-6625-ef11-840b-000d3adf79a8"
"","2","","91658b28-96b1-ef11-b8e9-000d3adb41dc","pezzo-206","1","3577291","","","34","4","0","1062","1","63e32b93-6625-ef11-840b-000d3adf79a8"
"","","","a96f0938-95b1-ef11-b8e9-000d3adb41dc","pezzo-205","1","3572789","","","10","4","0","942","1","63e32b93-6625-ef11-840b-000d3adf79a8"
"","","","f21d16d7-93b1-ef11-b8e9-000d3adb41dc","pezzo-204","1","3572776","","","32","4","0","1056","1","63e32b93-6625-ef11-840b-000d3adf79a8"
"","","","c0b91f71-92b1-ef11-b8e9-000d3adb41dc","pezzo-203","1","3572697","","","49","4","0","872","2","63e32b93-6625-ef11-840b-000d3adf79a8"
"","","","90c31401-92b1-ef11-b8e9-000d3adb41dc","pezzo-202","1","3572687","","","18","4","0","873","3","63e32b93-6625-ef11-840b-000d3adf79a8"
"","","","eec0240b-91b1-ef11-b8e9-000d3adb41dc","pezzo-201","1","3572677","","","16","4","0","1045","1","63e32b93-6625-ef11-840b-000d3adf79a8"
"","","","c41e6ab9-90b1-ef11-b8e9-000d3adb41dc","pezzo-200","1","3572667","","","29","4","0","982","3","63e32b93-6625-ef11-840b-000d3adf79a8"
"","","","32131a72-90b1-ef11-b8e9-000d3adb41dc","pezzo-199","1","3572655","","","25","4","0","930","3","63e32b93-6625-ef11-840b-000d3adf79a8"
"","","","ac0da6a3-8fb1-ef11-b8e9-000d3adb41dc","pezzo-198","1","3568440","","","48","4","0","1059","3","63e32b93-6625-ef11-840b-000d3adf79a8"
"","","","19acd138-8fb1-ef11-b8e9-000d3adb41dc","pezzo-197","1","3568433","","","26","4","0","1101","2","63e32b93-6625-ef11-840b-000d3adf79a8"
"","","","0726e218-8fb1-ef11-b8e9-000d3adb41dc","pezzo-196","1","3568427","","","28","4","0","1083","1","63e32b93-6625-ef11-840b-000d3adf79a8"
"","","","a13f4440-8eb1-ef11-b8e9-000d3adb41dc","pezzo-195","1","3560955","","","20","4","0","939","1","63e32b93-6625-ef11-840b-000d3adf79a8"
"","","","e5917224-8eb1-ef11-b8e9-000d3adb41dc","pezzo-194","1","3560951","","","25","4","0","1127","1","63e32b93-6625-ef11-840b-000d3adf79a8"
"","","","56723a1d-8eb1-ef11-b8e9-000d3adb41dc","pezzo-193","1","3560945","","","27","4","0","940","1","63e32b93-6625-ef11-840b-000d3adf79a8"
"","","","8413cc6d-8db1-ef11-b8e9-000d3adb41dc","pezzo-192","1","3560936","","","44","4","0","953","1","63e32b93-6625-ef11-840b-000d3adf79a8"
"","","","084114d9-8cb1-ef11-b8e9-000d3adb41dc","pezzo-191","1","3556373","","","35","4","0","935","1","63e32b93-6625-ef11-840b-000d3adf79a8"
"","","","b8101875-8bb1-ef11-b8e9-000d3adb41dc","pezzo-190","1","3556344","","","34","4","0","935","1","63e32b93-6625-ef11-840b-000d3adf79a8"
"","","","f3c75f09-8ab1-ef11-b8e9-000d3adb41dc","pezzo-189","1","3556338","","","29","4","0","820","1","63e32b93-6625-ef11-840b-000d3adf79a8"
"","","","e03710aa-88b1-ef11-b8e9-000d3adb41dc","pezzo-188","1","3556332","","","37","4","0","924","3","63e32b93-6625-ef11-840b-000d3adf79a8"
"","","","8765ba44-87b1-ef11-b8e9-000d3adb41dc","pezzo-187","1","3556326","","","41","4","0","954","3","63e32b93-6625-ef11-840b-000d3adf79a8"
"","","","c4e37903-87b1-ef11-b8e9-000d3adb41dc","pezzo-186","1","3556320","","","7","4","0","809","2","63e32b93-6625-ef11-840b-000d3adf79a8"
"","","","22975a7b-86b1-ef11-b8e9-000d3adb41dc","pezzo-185","1","3556312","","","36","4","0","1053","1","63e32b93-6625-ef11-840b-000d3adf79a8"
"","","","8e4970de-85b1-ef11-b8e9-000d3adb41dc","pezzo-184","1","3556310","","","48","4","0","1087","1","63e32b93-6625-ef11-840b-000d3adf79a8"
"","","","42035079-84b1-ef11-b8e9-000d3adb41dc","pezzo-183","1","3556308","","","6","4","0","1176","1","63e32b93-6625-ef11-840b-000d3adf79a8"
"","","","0354f80d-83b1-ef11-b8e9-000d3adb41dc","pezzo-182","1","3552839","","","35","4","0","975","2","63e32b93-6625-ef11-840b-000d3adf79a8"
"","","","b737f7ad-81b1-ef11-b8e9-000d3adb41dc","pezzo-181","1","3549502","","","25","4","0","1115","3","63e32b93-6625-ef11-840b-000d3adf79a8"
"","","","867b6548-80b1-ef11-b8e9-000d3adb41dc","pezzo-180","1","3546516","","","31","4","0","1114","1","63e32b93-6625-ef11-840b-000d3adf79a8"
"","","","a5f889e2-7eb1-ef11-b8e9-000d3adb41dc","pezzo-179","1","3546472","","","216","4","0","850","1","63e32b93-6625-ef11-840b-000d3adf79a8"
"","","","e876d9d1-7eb1-ef11-b8e9-000d3adb41dc","pezzo-178","1","3546470","","","234","4","0","1175","3","63e32b93-6625-ef11-840b-000d3adf79a8"
"","","","6fd01bc5-7eb1-ef11-b8e9-000d3adb41dc","pezzo-177","1","3546468","","","596","4","0","1095","2","63e32b93-6625-ef11-840b-000d3adf79a8"
"","","","52629cad-7eb1-ef11-b8e9-000d3adb41dc","pezzo-176","1","3546465","","","379","4","0","870","3","63e32b93-6625-ef11-840b-000d3adf79a8"
"","","","8e868c79-7db1-ef11-b8e9-000d3adb41dc","pezzo-175","1","3546463","","","644","3","0","878","3","63e32b93-6625-ef11-840b-000d3adf79a8"
"","","","1dadfc0b-7db1-ef11-b8e9-000d3adb41dc","pezzo-174","1","3546461","","","456","1","0","901","3","63e32b93-6625-ef11-840b-000d3adf79a8"
"","","","60c94117-7cb1-ef11-b8e9-000d3adb41dc","pezzo-173","1","3546459","","","890","","0","827","2","63e32b93-6625-ef11-840b-000d3adf79a8"
"","","","bdda53b1-7ab1-ef11-b8e9-000d3adb41dc","pezzo-172","1","3546093","","","94","","0","1018","2","63e32b93-6625-ef11-840b-000d3adf79a8"
"","","","96828b4b-79b1-ef11-b8e9-000d3adb41dc","pezzo-171","1","3546078","","","126","","0","966","2","63e32b93-6625-ef11-840b-000d3adf79a8"
"","","","fbd4aae6-77b1-ef11-b8e9-000d3adb41dc","pezzo-170","1","3546076","","","250","","0","1014","1","63e32b93-6625-ef11-840b-000d3adf79a8"
"","","","a334a27f-76b1-ef11-b8e9-000d3adb41dc","pezzo-169","1","3546072","","","489","","0","1025","2","63e32b93-6625-ef11-840b-000d3adf79a8"
"","","","2d74f21a-75b1-ef11-b8e9-000d3adb41dc","pezzo-168","1","3546069","","","510","","0","965","2","63e32b93-6625-ef11-840b-000d3adf79a8"
"","","","069828b5-73b1-ef11-b8e9-000d3adb41dc","pezzo-167","1","3546067","","","970","","0","1052","1","63e32b93-6625-ef11-840b-000d3adf79a8"
"","","","e8a7544f-72b1-ef11-b8e9-000d3adb41dc","pezzo-166","1","3546062","","","836","","0","811","2","63e32b93-6625-ef11-840b-000d3adf79a8"
"","","","43813fea-70b1-ef11-b8e9-000d3adb41dc","pezzo-165","1","3546056","","","857","","0","1197","1","63e32b93-6625-ef11-840b-000d3adf79a8"
"","","","69b05f84-6fb1-ef11-b8e9-000d3adb41dc","pezzo-164","1","3546053","","","972","","0","990","1","63e32b93-6625-ef11-840b-000d3adf79a8"
"","","","eee4b41e-6eb1-ef11-b8e9-000d3adb41dc","pezzo-163","1","3546051","","","773","","0","1012","2","63e32b93-6625-ef11-840b-000d3adf79a8"
"","","","1150b7b4-6cb1-ef11-b8e9-000d3adb41dc","pezzo-162","1","3546049","","","969","","0","1069","1","63e32b93-6625-ef11-840b-000d3adf79a8"
"","","","c0978353-6bb1-ef11-b8e9-000d3adb41dc","pezzo-161","1","3546047","","","698","","0","869","1","63e32b93-6625-ef11-840b-000d3adf79a8"
"","","","24863eee-69b1-ef11-b8e9-000d3adb41dc","pezzo-160","1","3546042","","","814","","0","1030","1","63e32b93-6625-ef11-840b-000d3adf79a8"
"","","","ae8f7b88-68b1-ef11-b8e9-000d3adb41dc","pezzo-159","1","3545742","","","526","","0","979","3","63e32b93-6625-ef11-840b-000d3adf79a8"
"","","","487e9122-67b1-ef11-b8e9-000d3adb41dc","pezzo-158","1","3545730","","","952","","0","1185","2","63e32b93-6625-ef11-840b-000d3adf79a8"
"","","","47cf99bd-65b1-ef11-b8e9-000d3adb41dc","pezzo-157","1","3545728","","","561","","0","845","3","63e32b93-6625-ef11-840b-000d3adf79a8"
"","","","4b92bf57-64b1-ef11-b8e9-000d3adb41dc","pezzo-156","1","3545723","","","756","","0","881","3","63e32b93-6625-ef11-840b-000d3adf79a8"
"","","","100ac0f1-62b1-ef11-b8e9-000d3adb41dc","pezzo-155","1","3542538","","","373","","0","888","3","63e32b93-6625-ef11-840b-000d3adf79a8"
"","","","36e3738c-61b1-ef11-b8e9-000d3adb41dc","pezzo-154","1","3542531","","","582","","0","807","3","63e32b93-6625-ef11-840b-000d3adf79a8"
"","","","362ea226-60b1-ef11-b8e9-000d3adb41dc","pezzo-153","1","3542529","","","706","","0","858","1","63e32b93-6625-ef11-840b-000d3adf79a8"
"","","","6b07c2c0-5eb1-ef11-b8e9-000d3adb41dc","pezzo-152","1","3542526","","","630","","0","868","2","63e32b93-6625-ef11-840b-000d3adf79a8"
"","","","645e8b5a-5db1-ef11-b8e9-000d3adb41dc","pezzo-151","1","3542524","","","921","","0","1068","3","63e32b93-6625-ef11-840b-000d3adf79a8"
"","","","92c789f5-5bb1-ef11-b8e9-000d3adb41dc","pezzo-150","1","3542522","","","739","","0","979","3","63e32b93-6625-ef11-840b-000d3adf79a8"
"","","","025ede8f-5ab1-ef11-b8e9-000d3adb41dc","pezzo-149","1","3542519","","","332","","0","851","2","63e32b93-6625-ef11-840b-000d3adf79a8"
"","","","75e4232a-59b1-ef11-b8e9-000d3adb41dc","pezzo-148","1","3542512","","","983","","0","1124","2","63e32b93-6625-ef11-840b-000d3adf79a8"
"","","","7a7c54c0-57b1-ef11-b8e9-000d3adb41dc","pezzo-147","1","3542507","","","861","","0","971","1","63e32b93-6625-ef11-840b-000d3adf79a8"
"","","","30a7c35b-56b1-ef11-b8e9-000d3adb41dc","pezzo-146","1","3536522","","","386","","0","1189","3","63e32b93-6625-ef11-840b-000d3adf79a8"
"","","","81b591f9-54b1-ef11-b8e9-000d3adb41dc","pezzo-145","1","3536510","","","746","","0","1004","1","63e32b93-6625-ef11-840b-000d3adf79a8"
"","","","af658e93-53b1-ef11-b8e9-000d3adb41dc","pezzo-144","1","3532223","","","518","","0","928","3","63e32b93-6625-ef11-840b-000d3adf79a8"
"","","","34043a2d-52b1-ef11-b8e9-000d3adb41dc","pezzo-143","1","3523138","","","818","","0","917","1","63e32b93-6625-ef11-840b-000d3adf79a8"
"","","","8b10aac8-50b1-ef11-b8e9-000d3adb41dc","pezzo-142","1","3520009","","","990","","0","919","1","63e32b93-6625-ef11-840b-000d3adf79a8"
"","","","3bf9d462-4fb1-ef11-b8e9-000d3adb41dc","pezzo-141","1","3520007","","","524","","0","1140","2","63e32b93-6625-ef11-840b-000d3adf79a8"
"","","","17996efd-4db1-ef11-b8e9-000d3adb41dc","pezzo-140","1","3520004","","","844","","0","930","3","63e32b93-6625-ef11-840b-000d3adf79a8"
"","","","73cfd797-4cb1-ef11-b8e9-000d3adb41dc","pezzo-139","1","3519996","","","113","","0","880","3","63e32b93-6625-ef11-840b-000d3adf79a8"
"","","","d00ca432-4bb1-ef11-b8e9-000d3adb41dc","pezzo-138","1","3519993","","","110","","0","828","1","63e32b93-6625-ef11-840b-000d3adf79a8"
"","","","77c79dcc-49b1-ef11-b8e9-000d3adb41dc","pezzo-137","1","3519986","","","992","","0","1071","1","63e32b93-6625-ef11-840b-000d3adf79a8"
"","","","85fbf066-48b1-ef11-b8e9-000d3adb41dc","pezzo-136","1","3519981","","","390","","0","979","1","63e32b93-6625-ef11-840b-000d3adf79a8"
"","","","33a42e01-47b1-ef11-b8e9-000d3adb41dc","pezzo-135","1","3519971","","","799","","0","958","3","63e32b93-6625-ef11-840b-000d3adf79a8"
"","","","0c8c729b-45b1-ef11-b8e9-000d3adb41dc","pezzo-134","1","3519969","","","685","","0","811","2","63e32b93-6625-ef11-840b-000d3adf79a8"
"","","","6ee44936-44b1-ef11-b8e9-000d3adb41dc","pezzo-133","1","3519967","","","433","","0","861","3","63e32b93-6625-ef11-840b-000d3adf79a8"
"","","","ef879cd0-42b1-ef11-b8e9-000d3adb41dc","pezzo-132","1","3519965","","","888","","0","1129","2","63e32b93-6625-ef11-840b-000d3adf79a8"
"","","","5adab96a-41b1-ef11-b8e9-000d3adb41dc","pezzo-131","1","3519963","","","367","","0","1141","2","63e32b93-6625-ef11-840b-000d3adf79a8"
"","","","bd740e05-40b1-ef11-b8e9-000d3adb41dc","pezzo-130","1","3519957","","","334","","0","1188","2","63e32b93-6625-ef11-840b-000d3adf79a8"
"","","","6d8d479f-3eb1-ef11-b8e9-000d3adb41dc","pezzo-129","1","3519955","","","126","","0","875","3","63e32b93-6625-ef11-840b-000d3adf79a8"
"","","","56c7b534-3db1-ef11-b8e9-000d3adb41dc","pezzo-128","1","3519952","","","144","","0","1034","3","63e32b93-6625-ef11-840b-000d3adf79a8"
"","","","8b8e16d4-3bb1-ef11-b8e9-000d3adb41dc","pezzo-127","1","3519949","","","789","","0","1102","1","63e32b93-6625-ef11-840b-000d3adf79a8"
"","","","c0a9ca6e-3ab1-ef11-b8e9-000d3adb41dc","pezzo-126","1","3519947","","","203","","0","1053","2","63e32b93-6625-ef11-840b-000d3adf79a8"
"","","","3fbfea08-39b1-ef11-b8e9-000d3adb41dc","pezzo-125","1","3519945","","","955","","0","1076","3","63e32b93-6625-ef11-840b-000d3adf79a8"
"","","","a570c7a0-37b1-ef11-b8e9-000d3adb41dc","pezzo-124","1","3519940","","","797","","0","1019","1","63e32b93-6625-ef11-840b-000d3adf79a8"
"","","","1529ab3d-36b1-ef11-b8e9-000d3adb41dc","pezzo-123","1","3519938","","","549","","0","864","2","63e32b93-6625-ef11-840b-000d3adf79a8"
"","","","715cafd7-34b1-ef11-b8e9-000d3adb41dc","pezzo-122","1","3519934","","","434","","0","837","1","63e32b93-6625-ef11-840b-000d3adf79a8"
"","","","87e33d72-33b1-ef11-b8e9-000d3adb41dc","pezzo-121","1","3519932","","","498","","0","901","1","63e32b93-6625-ef11-840b-000d3adf79a8"
"","","","02defb0c-32b1-ef11-b8e9-000d3adb41dc","pezzo-120","1","3519929","","","648","","0","1137","3","63e32b93-6625-ef11-840b-000d3adf79a8"
"","","","9b2736a7-30b1-ef11-b8e9-000d3adb41dc","pezzo-119","1","3519927","","","993","","0","806","3","63e32b93-6625-ef11-840b-000d3adf79a8"
"","","","78a07f41-2fb1-ef11-b8e9-000d3adb41dc","pezzo-118","1","3519920","","","150","","0","1073","1","63e32b93-6625-ef11-840b-000d3adf79a8"
"","","","11edb9db-2db1-ef11-b8e9-000d3adb41dc","pezzo-117","1","3519918","","","640","","0","892","1","63e32b93-6625-ef11-840b-000d3adf79a8"
"","","","dc4f9f76-2cb1-ef11-b8e9-000d3adb41dc","pezzo-116","1","3519916","","","594","","0","1137","2","63e32b93-6625-ef11-840b-000d3adf79a8"
"","","","e4f6d310-2bb1-ef11-b8e9-000d3adb41dc","pezzo-115","1","3519914","","","427","","0","959","1","63e32b93-6625-ef11-840b-000d3adf79a8"
"","","","531714ab-29b1-ef11-b8e9-000d3adb41dc","pezzo-114","1","3519912","","","531","","0","1065","3","63e32b93-6625-ef11-840b-000d3adf79a8"
"","","","24909a45-28b1-ef11-b8e9-000d3adb41dc","pezzo-113","1","3519910","","","333","","0","849","2","63e32b93-6625-ef11-840b-000d3adf79a8"
"","","","31f2fbdf-26b1-ef11-b8e9-000d3adb41dc","pezzo-112","1","3519905","","","800","","0","1022","3","63e32b93-6625-ef11-840b-000d3adf79a8"
"","","","915bed79-25b1-ef11-b8e9-000d3adb41dc","pezzo-111","1","3519877","","","789","","0","847","2","63e32b93-6625-ef11-840b-000d3adf79a8"
"","","","7b22db14-24b1-ef11-b8e9-000d3adb41dc","pezzo-110","1","3519874","","","982","","0","972","3","63e32b93-6625-ef11-840b-000d3adf79a8"
"","","","a7fb26ae-22b1-ef11-b8e9-000d3adb41dc","pezzo-109","1","3519872","","","603","","0","1081","1","63e32b93-6625-ef11-840b-000d3adf79a8"
"","","","cc4f72e3-1fb1-ef11-b8e9-000d3adb41dc","pezzo-107","1","3519839","","","181","","0","1141","2","63e32b93-6625-ef11-840b-000d3adf79a8"
"","","","02d7ab7d-1eb1-ef11-b8e9-000d3adb41dc","pezzo-106","1","3519834","","","832","","0","1190","2","63e32b93-6625-ef11-840b-000d3adf79a8"
"","","","94c28e18-1db1-ef11-b8e9-000d3adb41dc","pezzo-105","1","3519832","","","851","","0","1155","1","63e32b93-6625-ef11-840b-000d3adf79a8"
"","","","10a6e5b2-1bb1-ef11-b8e9-000d3adb41dc","pezzo-104","1","3519830","","","966","","0","1173","1","63e32b93-6625-ef11-840b-000d3adf79a8"
"","","","d302884d-1ab1-ef11-b8e9-000d3adb41dc","pezzo-103","1","3519828","","","402","","0","884","1","63e32b93-6625-ef11-840b-000d3adf79a8"
"","","","d56872e7-18b1-ef11-b8e9-000d3adb41dc","pezzo-102","1","3519826","","","729","","0","946","2","63e32b93-6625-ef11-840b-000d3adf79a8"
"","","","cc73a381-17b1-ef11-b8e9-000d3adb41dc","pezzo-101","1","3519824","","","574","","0","1121","1","63e32b93-6625-ef11-840b-000d3adf79a8"
"","","","8122ef1b-16b1-ef11-b8e9-000d3adb41dc","pezzo-100","1","3519818","","","540","","0","942","2","63e32b93-6625-ef11-840b-000d3adf79a8"
"","","","36d03fb6-14b1-ef11-b8e9-000d3adb41dc","pezzo-99","1","3519814","","","868","","0","1195","2","63e32b93-6625-ef11-840b-000d3adf79a8"
"","","","ffcf2751-13b1-ef11-b8e9-000d3adb41dc","pezzo-98","1","3519812","","","697","","0","886","1","63e32b93-6625-ef11-840b-000d3adf79a8"
"","","","b6cd74eb-11b1-ef11-b8e9-000d3adb41dc","pezzo-97","1","3519810","","","146","","0","1128","1","63e32b93-6625-ef11-840b-000d3adf79a8"
"","","","78eeb385-10b1-ef11-b8e9-000d3adb41dc","pezzo-96","1","3519808","","","793","","0","820","2","63e32b93-6625-ef11-840b-000d3adf79a8"
"","","","ce690720-0fb1-ef11-b8e9-000d3adb41dc","pezzo-95","1","3519806","","","766","","0","899","2","63e32b93-6625-ef11-840b-000d3adf79a8"
"","","","38c7aeba-0db1-ef11-b8e9-000d3adb41dc","pezzo-94","1","3519801","","","993","","0","813","1","63e32b93-6625-ef11-840b-000d3adf79a8"
"","","","e7a5b254-0cb1-ef11-b8e9-000d3adb41dc","pezzo-93","1","3519799","","","766","","0","817","1","63e32b93-6625-ef11-840b-000d3adf79a8"
"","","","5a7d6cef-0ab1-ef11-b8e9-000d3adb41dc","pezzo-92","1","3519797","","","499","","0","1012","3","63e32b93-6625-ef11-840b-000d3adf79a8"
"","","","3fbeb089-09b1-ef11-b8e9-000d3adb41dc","pezzo-91","1","3519795","","","268","","0","1005","2","63e32b93-6625-ef11-840b-000d3adf79a8"
"","","","073cde23-08b1-ef11-b8e9-000d3adb41dc","pezzo-90","1","3519792","","","577","","0","1009","2","63e32b93-6625-ef11-840b-000d3adf79a8"
"","","","8ac629be-06b1-ef11-b8e9-000d3adb41dc","pezzo-89","1","3519788","","","358","","0","1161","3","63e32b93-6625-ef11-840b-000d3adf79a8"
"","","","0d2ce353-05b1-ef11-b8e9-000d3adb41dc","pezzo-88","1","3519783","","","743","","0","1177","2","63e32b93-6625-ef11-840b-000d3adf79a8"
"","","","541154f3-03b1-ef11-b8e9-000d3adb41dc","pezzo-87","1","3519781","","","784","","0","804","3","63e32b93-6625-ef11-840b-000d3adf79a8"
"","","","651a6b8d-02b1-ef11-b8e9-000d3adb41dc","pezzo-86","1","3519779","","","784","","0","886","2","63e32b93-6625-ef11-840b-000d3adf79a8"
"","","","32dc3328-01b1-ef11-b8e9-000d3adb41dc","pezzo-85","1","3519777","","","108","","0","1011","3","63e32b93-6625-ef11-840b-000d3adf79a8"
"","","","88c446c2-ffb0-ef11-b8e9-000d3adb41dc","pezzo-84","1","3519775","","","375","","0","1025","1","63e32b93-6625-ef11-840b-000d3adf79a8"
"","","","31e96c5c-feb0-ef11-b8e9-000d3adb41dc","pezzo-83","1","3519773","","","303","","0","908","3","63e32b93-6625-ef11-840b-000d3adf79a8"
"","","","fa204bf7-fcb0-ef11-b8e9-000d3adb41dc","pezzo-82","1","3519768","","","973","","0","1151","3","63e32b93-6625-ef11-840b-000d3adf79a8"
"","","","faa37e91-fbb0-ef11-b8e9-000d3adb41dc","pezzo-81","1","3519766","","","649","","0","933","3","63e32b93-6625-ef11-840b-000d3adf79a8"
"","","","6fcda92b-fab0-ef11-b8e9-000d3adb41dc","pezzo-80","1","3519764","","","132","","0","1048","3","63e32b93-6625-ef11-840b-000d3adf79a8"
"","","","5b0b81c6-f8b0-ef11-b8e9-000d3adb41dc","pezzo-79","1","3519760","","","278","","0","885","2","63e32b93-6625-ef11-840b-000d3adf79a8"
"","","","4aa09860-f7b0-ef11-b8e9-000d3adb41dc","pezzo-78","1","3519757","","","588","","0","868","2","63e32b93-6625-ef11-840b-000d3adf79a8"
"","","","644ad4fa-f5b0-ef11-b8e9-000d3adb41dc","pezzo-77","1","3519755","","","683","","0","983","3","63e32b93-6625-ef11-840b-000d3adf79a8"
"","","","1d1f0495-f4b0-ef11-b8e9-000d3adb41dc","pezzo-76","1","3519750","","","206","","0","1091","3","63e32b93-6625-ef11-840b-000d3adf79a8"
"","","","69e23b2f-f3b0-ef11-b8e9-000d3adb41dc","pezzo-75","1","3519748","","","710","","0","804","3","63e32b93-6625-ef11-840b-000d3adf79a8"
"","","","263c2aca-f1b0-ef11-b8e9-000d3adb41dc","pezzo-74","1","3519746","","","199","","0","1173","2","63e32b93-6625-ef11-840b-000d3adf79a8"
"","","","bd644364-f0b0-ef11-b8e9-000d3adb41dc","pezzo-73","1","3519743","","","929","","0","1146","3","63e32b93-6625-ef11-840b-000d3adf79a8"
"","","","7982d6fe-eeb0-ef11-b8e9-000d3adb41dc","pezzo-72","1","3519741","","","574","","0","1027","1","63e32b93-6625-ef11-840b-000d3adf79a8"
"","","","48812499-edb0-ef11-b8e9-000d3adb41dc","pezzo-71","1","3519737","","","970","","0","1087","3","63e32b93-6625-ef11-840b-000d3adf79a8"
"","","","90254d33-ecb0-ef11-b8e9-000d3adb41dc","pezzo-70","1","3519732","","","85","","0","971","2","63e32b93-6625-ef11-840b-000d3adf79a8"
"","","","d16a70cd-eab0-ef11-b8e9-000d3adb41dc","pezzo-69","1","3519730","","","450","","0","1112","3","63e32b93-6625-ef11-840b-000d3adf79a8"
"","","","eec65568-e9b0-ef11-b8e9-000d3adb41dc","pezzo-68","1","3519726","","","852","","0","1156","2","63e32b93-6625-ef11-840b-000d3adf79a8"
"","","","8538d3a0-e8b0-ef11-b8e9-000d3adb41dc","pezzo-67","1","3519718","","","400","","0","1300","2","63e32b93-6625-ef11-840b-000d3adf79a8"
"","","","9a9aa502-e8b0-ef11-b8e9-000d3adb41dc","pezzo-66","1","3519716","","","935","","0","840","2","63e32b93-6625-ef11-840b-000d3adf79a8"
"","","","6d9ac59c-e6b0-ef11-b8e9-000d3adb41dc","pezzo-65","1","3519714","","","899","","0","1033","1","63e32b93-6625-ef11-840b-000d3adf79a8"
"","","","4de80332-e5b0-ef11-b8e9-000d3adb41dc","pezzo-64","1","3519712","","","214","","0","1008","3","63e32b93-6625-ef11-840b-000d3adf79a8"
"","","","fd1827d2-e3b0-ef11-b8e9-000d3adb41dc","pezzo-63","1","3519707","","","507","","0","1139","1","63e32b93-6625-ef11-840b-000d3adf79a8"
"","","","7824756c-e2b0-ef11-b8e9-000d3adb41dc","pezzo-62","1","3519662","","","485","","0","1039","2","63e32b93-6625-ef11-840b-000d3adf79a8"
"","","","449f6b06-e1b0-ef11-b8e9-000d3adb41dc","pezzo-61","1","3519647","","","412","","0","1064","1","63e32b93-6625-ef11-840b-000d3adf79a8"
"","","","d8a342a1-dfb0-ef11-b8e9-000d3adb41dc","pezzo-60","1","3519645","","","761","","0","940","2","63e32b93-6625-ef11-840b-000d3adf79a8"
"","","","8f89213b-deb0-ef11-b8e9-000d3adb41dc","pezzo-59","1","3519643","","","673","","0","895","3","63e32b93-6625-ef11-840b-000d3adf79a8"
"","","","b3946fd5-dcb0-ef11-b8e9-000d3adb41dc","pezzo-58","1","3519641","","","831","","0","999","3","63e32b93-6625-ef11-840b-000d3adf79a8"
"","","","721b3f70-dbb0-ef11-b8e9-000d3adb41dc","pezzo-57","1","3519635","","","202","","0","1010","1","63e32b93-6625-ef11-840b-000d3adf79a8"
"","","","3d70570a-dab0-ef11-b8e9-000d3adb41dc","pezzo-56","1","3519631","","","181","","0","914","1","63e32b93-6625-ef11-840b-000d3adf79a8"
"","","","b4b4a3a4-d8b0-ef11-b8e9-000d3adb41dc","pezzo-55","1","3519629","","","592","","0","924","2","63e32b93-6625-ef11-840b-000d3adf79a8"
"","","","5608623f-d7b0-ef11-b8e9-000d3adb41dc","pezzo-54","1","3519625","","","731","","0","970","3","63e32b93-6625-ef11-840b-000d3adf79a8"
"","","","dee140d9-d5b0-ef11-b8e9-000d3adb41dc","pezzo-53","1","3519623","","","802","","0","1040","2","63e32b93-6625-ef11-840b-000d3adf79a8"
"","","","ff039373-d4b0-ef11-b8e9-000d3adb41dc","pezzo-52","1","3519621","","","321","","0","898","2","63e32b93-6625-ef11-840b-000d3adf79a8"
"","","","5a2d0b0c-d3b0-ef11-b8e9-000d3adb41dc","pezzo-51","1","3519616","","","479","","0","1010","3","63e32b93-6625-ef11-840b-000d3adf79a8"
"","","","cf58b1a8-d1b0-ef11-b8e9-000d3adb41dc","pezzo-50","1","3519614","","","818","","0","920","3","63e32b93-6625-ef11-840b-000d3adf79a8"
"","","","fd61d642-d0b0-ef11-b8e9-000d3adb41dc","pezzo-49","1","3519612","","","837","","0","973","3","63e32b93-6625-ef11-840b-000d3adf79a8"
"","","","f081e9da-ceb0-ef11-b8e9-000d3adb41dc","pezzo-48","1","3519610","","","671","","0","875","2","63e32b93-6625-ef11-840b-000d3adf79a8"
"","","","984ddd77-cdb0-ef11-b8e9-000d3adb41dc","pezzo-47","1","3519608","","","149","","0","1068","2","63e32b93-6625-ef11-840b-000d3adf79a8"
"","","","8ac0780c-ccb0-ef11-b8e9-000d3adb41dc","pezzo-46","1","3519605","","","387","","0","816","2","63e32b93-6625-ef11-840b-000d3adf79a8"
"","","","15b769ac-cab0-ef11-b8e9-000d3adb41dc","pezzo-45","1","3519598","","","119","","0","1001","1","63e32b93-6625-ef11-840b-000d3adf79a8"
"","","","bfc90716-c6b0-ef11-b8e9-000d3adb41dc","pezzo-44","1","3519577","","","677","","0","970","2","63e32b93-6625-ef11-840b-000d3adf79a8"
"","","","d86a85c8-c5b0-ef11-b8e9-000d3adb41dc","pezzo-43","1","3519576","","","796","","0","740","1","63e32b93-6625-ef11-840b-000d3adf79a8"
